create table t1 (a int, b int);
insert into t1 values (1,1),(2,2);
explain format=json
select * from t1 where a=name_const('varname',1);
EXPLAIN
{
  "query_block": {
    "select_id": 1,
    "table": {
      "table_name": "t1",
      "access_type": "ALL",
      "rows": 2,
      "filtered": 100,
      "attached_condition": "t1.a = 1"
    }
  }
}
explain format=json
select * from t1 left join t1 as t2 on t1.a=name_const('varname',1) and t1.b=t2.b;
EXPLAIN
{
  "query_block": {
    "select_id": 1,
    "const_condition": "1",
    "table": {
      "table_name": "t1",
      "access_type": "ALL",
      "rows": 2,
      "filtered": 100
    },
    "block-nl-join": {
      "table": {
        "table_name": "t2",
        "access_type": "ALL",
        "rows": 2,
        "filtered": 100
      },
      "buffer_type": "flat",
      "buffer_size": "141",
      "join_type": "BNL",
      "attached_condition": "trigcond(t2.b = t1.b and trigcond(t1.a = 1))"
    }
  }
}
drop table t1;
